{"cameraMode":{"drawMode":0,"name":"Shaded","section":"Shading Mode"},"sceneLighting":false,"audioPlay":false,"sceneViewState":{"m_AlwaysRefresh":false,"showFog":true,"showSkybox":false,"showFlares":true,"showImageEffects":true,"showParticleSystems":true,"showVisualEffectGraphs":true,"m_FxEnabled":true},"in2DMode":false,"pivot":{"x":19.328344345092775,"y":-10.626800537109375,"z":13.916412353515625},"rotation":{"x":0.1969909369945526,"y":-0.8033098578453064,"z":0.41186219453811648,"w":0.38299068808555605},"size":12.124356269836426,"orthographic":false}